"blind_id","coder_id","codebook_version","matches_target_ctd","target_ctd_id","evidence_notes","uncertainty_reason"
"SA-001","CODER_B","RQ3_static_match_protocol_v1","YES","985","Both diagnostics identify import-order inconsistencies. The repair reorders the React, local type, utility, and component imports to conform to the project’s formatting conventions.",""
"SA-002","CODER_B","RQ3_static_match_protocol_v1","YES","486","Finding 2 flags optional chaining on currentOrganization, which allowed a missing or invalid organization context to proceed and potentially query projects with an undefined ID. The repair enforces organizationId, handles a missing organization, and accesses currentOrganization.id directly. Findings 0 and 1 are stylistic diagnostics unrelated to the underlying defect.",""
"SA-003","CODER_B","RQ3_static_match_protocol_v1","YES","789","Both findings identify import-ordering violations addressed by the repair, which reorganized and sorted the imports. Finding 1 concerns type-only import syntax, which was not changed by the repair.",""
"SA-004","CODER_B","RQ3_static_match_protocol_v1","YES","995","The excessive-statement and excessive-function-length findings identify the monolithic codemod implementation in studio-server. The repair removes that large implementation and replaces it with a small adapter delegating to the shared studio-codemods package, directly addressing the cohesion and reuse deficiency. The remaining findings concern unrelated style, import, naming, or syntax preferences.",""
"SA-005","CODER_B","RQ3_static_match_protocol_v1","NO","973","None of the diagnostics identifies the missing CSS Modules support or the capability regression caused by deleting the runtime module; they are unrelated style, syntax, naming, or maintainability warnings.",""
"SA-006","CODER_B","RQ3_static_match_protocol_v1","YES","475","The jsx-max-depth findings identify the deeply nested, monolithic form JSX embedded in SessionsNewPage, which the repair extracts into the reusable SessionForm component. The other findings concern imports, naming, declaration style, prop usage, or missing return types and do not identify the cohesion deficit.",""
"SA-007","CODER_B","RQ3_static_match_protocol_v1","NO","1017","Both no-await-in-loop findings identify repeated asynchronous dynamic-template generation and PDF embedding inside the input loop, which the repair addresses by avoiding unnecessary repeated work and caching embedded PDF pages. The remaining findings are stylistic or unrelated lint issues.",""
"SA-008","CODER_B","RQ3_static_match_protocol_v1","YES","824","The excessive function length and deeply nested JSX indicate the monolithic, tightly coupled structure that required replacing the hardcoded DomainTab implementation. Import/export, React-in-scope, component-definition, and forbidden-prop findings are unrelated style or convention issues.",""
"SA-009","CODER_B","RQ3_static_match_protocol_v1","NO","569","None of the diagnostics identify the structural coupling between manual toggle state and conditional mounting that prevented a closing animation. The findings concern formatting, return-type annotations, JSX scope/extension, ternary usage, or nesting depth, all unrelated to the repaired component architecture.",""
"SA-010","CODER_B","RQ3_static_match_protocol_v1","YES","810","The sort-keys and sort-imports findings identify ordering inconsistencies directly addressed by the repair's object-property and import reformatting. The other findings concern escaping, forbidden props, JSX nesting, or self-closing elements and are not addressed by the formatting-only repair.",""
"SA-011","CODER_B","RQ3_static_match_protocol_v1","NO","994","None of the findings identify the inaccurate response type or return contract repaired by changing the handler from SaveSequencePropsResponse to CanUpdateSequencePropsResponse; all listed findings concern formatting, import ordering, naming, or expression style.",""
"SA-012","CODER_B","RQ3_static_match_protocol_v1","YES","520","Finding 5 identifies the inconsistent import order, which was corrected in the repair. The other findings concern object shorthand or raw-string usage and were not the formatting deficiencies addressed.",""
"SA-013","CODER_B","RQ3_static_match_protocol_v1","NO","978","The repair only corrected Prettier formatting, specifically single quotes to double quotes. The reported findings concern variable combination, ternary usage, import ordering, or prohibited relative parent imports, none of which identify the formatting defect repaired.",""
"SA-014","CODER_B","RQ3_static_match_protocol_v1","NO","153","The repair applied repository formatting (quotes, indentation, line wrapping, commas, and related Prettier normalization). None of the listed lint findings was fixed: the ternaries, separate const declarations, object key ordering, magic number, and null literals remain in the repaired code, so they represent independent issues.",""
"SA-015","CODER_B","RQ3_static_match_protocol_v1","YES","112","The repair removes the unused shared fixture and its associated oversized test setup, addressing the unused-variable and excessive-function-length findings. It also reformats the import, addressing the import-order/formatting issue, and deleting the fixture eliminates its key-order formatting inconsistencies. The one-var, initialization, relative-import, and type-import findings do not identify the repaired deficiencies.",""
"SA-016","CODER_B","RQ3_static_match_protocol_v1","YES","810","The sort-keys and sort-imports findings identify ordering inconsistencies directly addressed by the repair's object-property and import reformatting. The other findings concern escaping, forbidden props, JSX nesting, or self-closing elements and are not addressed by the formatting-only repair.",""
"SA-017","CODER_B","RQ3_static_match_protocol_v1","YES","633","The max-params finding targets applySchemaChanges, which accepted state, repositories, assistant role, and schema-operation context while coordinating schema updates, logging, and timeline persistence. This parameter-heavy helper reflects the responsibility aggregation that the repair moves into the tool layer. The remaining findings are formatting, import, async, numeric-literal, spread, or variable-declaration style issues unrelated to the cohesion defect.",""
"SA-018","CODER_B","RQ3_static_match_protocol_v1","NO","247","The repair addresses repository-wide Prettier formatting inconsistencies such as indentation, line wrapping, commas, and arrow-function syntax. The listed findings concern lint rules for comments, variable declarations, optional chaining, null usage, naming, nesting, key ordering, and related code style or semantics, none of which identify the formatting defect repaired.",""
"SA-019","CODER_B","RQ3_static_match_protocol_v1","YES","919","Finding 7 identifies the TODO that Windows ARM64 CI was disabled, directly matching the repaired omission that enables native Windows ARM64 build and test platforms. All other findings concern formatting, stylistic rules, or unrelated code quality issues.",""
"SA-020","CODER_B","RQ3_static_match_protocol_v1","NO","815","The repair explicitly reordered imports to conform to repository import-order formatting. The other diagnostics concern JSX configuration, object-key ordering, escaping, or forbidden props, none of which the repair addressed.",""
"SA-021","CODER_B","RQ3_static_match_protocol_v1","YES","168","The no-named-export findings identify the unnecessary public named exports that the repair removes from the internally used types and enum. The group-exports findings concern export declaration organization, not the abstraction leak or unnecessary API exposure.",""
"SA-022","CODER_B","RQ3_static_match_protocol_v1","YES","487","The jsx-max-depth findings identify excessive inline JSX nesting, a maintainability symptom of the page's overloaded presentation structure. The repair addresses this by extracting the empty state and project-card rendering into dedicated components. The other findings concern style, literals, React scope, props, or simple expressions and do not identify the cohesion deficit.",""
"SA-023","CODER_B","RQ3_static_match_protocol_v1","YES","814","The no-multi-comp findings identify the page-local CTA and FAQ component implementations that contributed to duplicating shared landing-page structure. The other findings concern JSX literals, nesting, function style/types, escaping, or button attributes, not the duplicated page-section implementation repaired here.",""
"SA-024","CODER_B","RQ3_static_match_protocol_v1","YES","1017","Both no-await-in-loop findings identify repeated asynchronous dynamic-template generation and PDF embedding inside the input loop, which the repair addresses by avoiding unnecessary repeated work and caching embedded PDF pages. The remaining findings are stylistic or unrelated lint issues.",""
"SA-025","CODER_B","RQ3_static_match_protocol_v1","YES","810","The sort-keys and sort-imports findings identify ordering inconsistencies directly addressed by the repair's object-property and import reformatting. The other findings concern escaping, forbidden props, JSX nesting, or self-closing elements and are not addressed by the formatting-only repair.",""
"SA-026","CODER_B","RQ3_static_match_protocol_v1","NO","655","None of the diagnostics identifies the cohesion deficit caused by separating testcase generation, DML generation, and saving into coupled modules. The findings concern function style/length, async usage, variable declarations, import paths, or import ordering, none of which explains the repaired unified-process refactor.",""
"SA-027","CODER_B","RQ3_static_match_protocol_v1","NO","837","The repair addresses repository formatting conventions such as quote style, trailing commas, and line wrapping/call layout. None of the supplied diagnostics identifies those formatting deficiencies; the listed findings concern imports, magic numbers, naming, dependency count, type imports, or object-key ordering.",""
"SA-028","CODER_B","RQ3_static_match_protocol_v1","NO","955","All listed diagnostics concern formatting, naming, data-structure/style preferences, or iteration syntax. None identifies the duplicated selected-schema retrieval and target-filtering logic that the repair refactored.",""
"SA-029","CODER_B","RQ3_static_match_protocol_v1","YES","103","The excessive-dependencies finding reflects the over-coupled WebhookForm implementation, including broad reliance on the incompatible coss/ui component system that the repair removed and replaced with the target @calcom/ui structure. The other findings concern formatting, generic style rules, or incidental unused code and do not identify the repaired coupling defect.",""
"SA-030","CODER_B","RQ3_static_match_protocol_v1","YES","422","The excessive statement and line counts reflect the overcomplicated ERD-link function that coupled repository mappings, batch schema queries, and multi-project aggregation. The repair removes that coupling and substantially simplifies the function. The remaining findings concern unrelated style, async, logging, naming, or magic-number rules.",""
"SA-031","CODER_B","RQ3_static_match_protocol_v1","YES","814","The no-multi-comp findings identify the page's proliferation of locally defined section components, which was addressed by replacing the bespoke implementations with shared landing-page components and a unified layout. The other findings concern formatting, JSX literals, function style, return annotations, or nesting rules rather than the duplication/structural reuse deficiency.",""
"SA-032","CODER_B","RQ3_static_match_protocol_v1","NO","165","All listed diagnostics are generic style, export, typing, async, null/undefined, or magic-number rules. None identifies the architectural defect of implementing crawl concurrency through a separate queue and state-tracking flow rather than integrating it with the unified team queue.",""
"SA-033","CODER_B","RQ3_static_match_protocol_v1","YES","656","The max-statements and max-lines-per-function findings identify the oversized, monolithic prepareDmlNode that combines DML generation, formatting, tool/agent interaction, and state updates—the same cohesion and maintainability problem addressed by the refactor.",""
"SA-034","CODER_B","RQ3_static_match_protocol_v1","NO","1052","All listed findings concern formatting, import ordering, variable declaration style, ternary usage, null usage, or magic-number literals. None identifies the scalability defect of waveform peak loading and canvas rendering running on the main thread.",""
"SA-035","CODER_B","RQ3_static_match_protocol_v1","NO","466","None of the findings identifies the repaired defect: coupling the component’s rendered structure to the client-side isExpanded state and conditional rendering, which prevented CSS-only server-component migration. The listed findings concern style, exports, JSX conventions, nesting, ternaries, or function length.",""
"SA-036","CODER_B","RQ3_static_match_protocol_v1","NO","122","The reported findings are mypy issues in test helper implementations (missing annotations and a missing return statement). They do not identify the test fragility or unstable behavior that motivated deleting custom_llm_test.py.",""
"SA-037","CODER_B","RQ3_static_match_protocol_v1","NO","486","Finding 2 flags optional chaining on currentOrganization, which allowed a missing or invalid organization context to proceed and potentially query projects with an undefined ID. The repair enforces organizationId, handles a missing organization, and accesses currentOrganization.id directly. Findings 0 and 1 are stylistic diagnostics unrelated to the underlying defect.",""
"SA-038","CODER_B","RQ3_static_match_protocol_v1","NO","851","The max-statements finding identifies that the POST handler is overly large and concentrates multiple responsibilities, aligning with the repaired cohesion deficit. The other findings concern naming, imports, types, export style, logging, or isolated syntax/style rules rather than the structural mixing of Stripe responsibilities.",""
"SA-039","CODER_B","RQ3_static_match_protocol_v1","YES","946","These findings identify the scattered named-export declarations and recommend consolidating exports into a single declaration, which is exactly what the repair implements by removing inline export modifiers and adding one export statement at the end.",""
"SA-040","CODER_B","RQ3_static_match_protocol_v1","NO","1024","None of the findings identify the repaired issue. The repair only applies Prettier formatting, changing double quotes to single quotes; the diagnostics concern relative import paths, type-only imports, or import ordering.",""
"SA-041","CODER_B","RQ3_static_match_protocol_v1","YES","938","The unused BwipJs interface is part of the inappropriate custom bwip-js module augmentation removed by the repair to restore use of the library's proper RenderOptions type. The lowercase-comment diagnostic is unrelated.",""
"SA-042","CODER_B","RQ3_static_match_protocol_v1","NO","532","The repair removes a Storybook-specific webpack resolver workaround tightly coupled to erd-core's internal alias convention. All supplied findings concern independent style, syntax, typing, or module-usage rules and do not identify that coupling or the need for the custom resolver's removal.",""
"SA-043","CODER_B","RQ3_static_match_protocol_v1","NO","954","None of the diagnostics identifies the formatting inconsistencies repaired here. The one-var, curly, naming, function-complexity, scoping, shadowing, and key-order findings describe separate lint or maintainability issues, not the whitespace, line wrapping, commas, and expression-layout cleanup in the repair.",""
"SA-044","CODER_B","RQ3_static_match_protocol_v1","NO","47","None of the diagnostics identify the excessive coupling between the tests and the component's internal open/close state. They concern assertion conventions, async usage, JSX scope, statement count, regex flags, variable declarations, global alias style, or filename rules.",""
"SA-045","CODER_B","RQ3_static_match_protocol_v1","NO","78","None of the diagnostics identify the dependency-layer violation or the resulting app-store/lib circular dependency. They all concern formatting, style, variable declarations, magic numbers, or test conventions.",""
"SA-046","CODER_B","RQ3_static_match_protocol_v1","YES","938","These findings identify the explicit `any` types in the bwip-js module augmentation and the `bwipjs as any` assertion, which are the type-safety deficiencies repaired by replacing them with `BarcodeRenderOptions` and a safer assertion. The method-signature, import, variable, and key-order findings are unrelated style issues.",""
"SA-047","CODER_B","RQ3_static_match_protocol_v1","NO","77","All listed findings are style, naming, function-size, async, typing, key-order, or export-format diagnostics. None identifies the repaired DI inconsistency caused by the legacy dynamic-import wrapper and manually constructed dependencies.",""
"SA-048","CODER_B","RQ3_static_match_protocol_v1","NO","1027","All listed diagnostics concern formatting, import conventions, global object usage, undefined values, object key ordering, spread syntax, or ternary/style rules. None identifies the excessive coupling of editor/Git link behavior being extracted from the menu component.",""
"SA-049","CODER_B","RQ3_static_match_protocol_v1","NO","431","None of the diagnostics identify the cohesion/coupling defect involving inline diff display logic and its lack of integration with EditableContent. They concern JSX scope, nesting depth, import style/order, or an unused type import.",""
"SA-050","CODER_B","RQ3_static_match_protocol_v1","YES","849","The repair reordered imports to conform to the repository's import-order formatting convention. The other findings concern JSX configuration, object-key ordering, entity escaping, or forbidden props, none of which the repair addressed.",""
"SA-051","CODER_B","RQ3_static_match_protocol_v1","YES","946","These findings identify the scattered named-export declarations and recommend consolidating exports into a single declaration, which is exactly what the repair implements by removing inline export modifiers and adding one export statement at the end.",""
"SA-052","CODER_B","RQ3_static_match_protocol_v1","YES","985","Both diagnostics identify import-order inconsistencies. The repair reorders the React, local type, utility, and component imports to conform to the project’s formatting conventions.",""
"SA-053","CODER_B","RQ3_static_match_protocol_v1","YES","592","The Node.js builtin imports are core to the custom extension’s runtime path-detection and packaging adaptation, creating the platform/runtime coupling that the repair removed in favor of the native PGlite package. The remaining findings are stylistic or concern unrelated implementation details.",""
"SA-054","CODER_B","RQ3_static_match_protocol_v1","YES","810","The sort-keys and sort-imports findings identify ordering inconsistencies directly addressed by the repair's object-property and import reformatting. The other findings concern escaping, forbidden props, JSX nesting, or self-closing elements and are not addressed by the formatting-only repair.",""
"SA-055","CODER_B","RQ3_static_match_protocol_v1","YES","893","The consistent-function-scoping finding identifies that the helper does not depend on the describe scope, matching the repair that promotes it to file scope for reuse by additional tests. The other findings are style or localized implementation issues not addressed by the repair.",""
"SA-056","CODER_B","RQ3_static_match_protocol_v1","YES","995","The repair replaces the custom formatting implementation with the shared formatter, removing the diagnosed local-variable handling.",""
"SA-057","CODER_B","RQ3_static_match_protocol_v1","NO","469","这些诊断仅指出命名导出格式或禁止命名导出，与修复所解决的未使用导出及由此造成的冗余公共接口问题无关。",""
"SA-058","CODER_B","RQ3_static_match_protocol_v1","NO","477","所有诊断均针对 React 作用域或 JSX 嵌套深度，与通过 BaseGlobalNav 组件组合消除重复 footer/布局/CSS 结构的修复无关。",""
"SA-059","CODER_B","RQ3_static_match_protocol_v1","NO","1024","The repair only normalized Prettier formatting, chiefly converting double quotes to single quotes. Import ordering, dependency count, relative-import structure, filename casing, duplicate imports, and ternary usage were not addressed by the repair.",""
"SA-060","CODER_B","RQ3_static_match_protocol_v1","NO","78","All listed diagnostics concern local style, syntax preferences, naming, async usage, magic numbers, or file length. None identifies the dependency-layer violation or the resulting app-store/lib circular dependency addressed by the repair.",""
"SA-061","CODER_B","RQ3_static_match_protocol_v1","NO","153","The repair only reformatted quotes, indentation, line wrapping, commas, and related Prettier-style layout. None of the listed diagnostics identifies those formatting changes; the reported lint issues (optional chaining, key ordering, complexity, exports, types, assertions, sorting, regexes, and similar rules) remain conceptually unchanged after the repair.",""
"SA-062","CODER_B","RQ3_static_match_protocol_v1","NO","205","None of the findings identify the repaired Prettier formatting inconsistencies. They concern async usage, key ordering, variable declarations, array sorting, test assertions, conditionals, optional chaining, or magic numbers.",""
"SA-063","CODER_B","RQ3_static_match_protocol_v1","NO","655","None of the diagnostics identifies the cohesion deficit caused by separating testcase generation, DML generation, and saving into coupled modules. The findings concern function style/length, async usage, variable declarations, import paths, or import ordering, none of which explains the repaired unified-process refactor.",""
"SA-064","CODER_B","RQ3_static_match_protocol_v1","YES","618","The TODO comment explicitly identifies the unnecessary Result wrapper and recommends returning TestCaseData[] directly, which is exactly the deficiency addressed by the repair. The other findings concern formatting, import style, relative imports, magic numbers, or comment capitalization.",""
"SA-065","CODER_B","RQ3_static_match_protocol_v1","NO","777","None of the findings identify the repaired defect: the repair corrected the pluralize showCount argument type from booleans to strings. The reported magic-number and max-expects diagnostics are unrelated style/test-structure issues.",""
"SA-066","CODER_B","RQ3_static_match_protocol_v1","YES","944","These findings directly identify the over-broad `any` usages and the unsafe `@ts-ignore` directive that the repair replaced with precise types, `unknown`, and `@ts-expect-error`. The remaining findings concern unrelated export, variable declaration, return-type, or iteration style issues.",""
"SA-067","CODER_B","RQ3_static_match_protocol_v1","YES","631","ID 4 directly identifies the empty-brace spacing inconsistency fixed by Prettier, which changed the empty catch block to `catch (error) {}`. The other findings concern unused catch bindings, empty-block semantics, magic numbers, exports, or function style and were not addressed by the repair.",""
"SA-068","CODER_B","RQ3_static_match_protocol_v1","NO","971","The repair changes import paths and formatting but keeps the same import declaration order.",""
"SA-069","CODER_B","RQ3_static_match_protocol_v1","YES","653","Finding 0 directly identifies the problematic process.exit(1) in the catch path, which the repair replaced with throwing the error for proper propagation. Finding 1 only flags the numeric literal and does not identify the error-handling defect.",""
"SA-070","CODER_B","RQ3_static_match_protocol_v1","YES","1008","Finding 0 directly identifies the unnecessary uninitialized mutable variable removed by the repair. Finding 2 identifies the avoidable conditional assignment/nested branching that was replaced with early returns. The sort-keys findings are unrelated ordering/style issues.",""
"SA-071","CODER_B","RQ3_static_match_protocol_v1","YES","439","The no-console finding targets the error log inside the broad catch block that was removed because it accompanied swallowed exceptions and fallback handling. The null and optional-chaining findings concern validation/normal return behavior that remains after the repair.",""
"SA-072","CODER_B","RQ3_static_match_protocol_v1","NO","978","The repair only changes import quote style from single to double quotes to enforce Prettier formatting. None of the findings concern quote style; they identify filename casing, type-only imports, or relative parent imports.",""
"SA-073","CODER_B","RQ3_static_match_protocol_v1","YES","810","The sort-keys and sort-imports findings identify ordering inconsistencies directly addressed by the repair's object-property and import reformatting. The other findings concern escaping, forbidden props, JSX nesting, or self-closing elements and are not addressed by the formatting-only repair.",""
"SA-074","CODER_B","RQ3_static_match_protocol_v1","NO","196","The import-order diagnostics identify import arrangement/style inconsistencies addressed by the formatting repair. Other findings concern unrelated code structure, semantics, or lint preferences not fixed by the repair.",""
"SA-075","CODER_B","RQ3_static_match_protocol_v1","YES","658","The jsx-max-depth findings flag the deeply nested, inline stepper markup that the repair extracted into a dedicated Stepper component, directly addressing the cohesion and extensibility deficit. The import, component-style, literal-text, React-scope, and arrow-body findings are unrelated style or configuration issues.",""
"SA-076","CODER_B","RQ3_static_match_protocol_v1","NO","792","None of the findings identify the data-filtering design defect. The reported issues concern object spread syntax, variable declaration style, or ternary usage, and do not explain the lack of composable OR/AND data filtering or unified query construction.",""
"SA-077","CODER_B","RQ3_static_match_protocol_v1","YES","995","These findings identify excessive function size, statement count, and complexity in the codemod implementation. The repair addresses that maintainability and cohesion problem by extracting the implementation into the shared studio-codemods package. The remaining findings concern formatting, declarations, comments, optional chaining, or callback return style and do not identify the repaired cohesion deficit.",""
"SA-078","CODER_B","RQ3_static_match_protocol_v1","NO","815","The repair explicitly reordered imports to conform to repository import-order formatting. The other diagnostics concern JSX configuration, object-key ordering, escaping, or forbidden props, none of which the repair addressed.",""
"SA-079","CODER_B","RQ3_static_match_protocol_v1","YES","938","These findings identify the explicit `any` types in the bwip-js module augmentation and the `bwipjs as any` assertion, which are the type-safety deficiencies repaired by replacing them with `BarcodeRenderOptions` and a safer assertion. The method-signature, import, variable, and key-order findings are unrelated style issues.",""
"SA-080","CODER_B","RQ3_static_match_protocol_v1","YES","508","The ternary condition mixed the sessions-list and empty-state layout branches in one page-level structure; the repair separates these into distinct, cohesive sections. The other findings concern JSX scope, literal text, nesting depth, or magic-number style and do not identify the repaired cohesion issue.",""
"SA-081","CODER_B","RQ3_static_match_protocol_v1","YES","129","The refactor extracts the high-water-mark and subscription-update logic into a billing strategy, substantially reducing updateQuantity’s statement count and length. The import, naming, return-type, async, accessibility, and formatting findings are unrelated to the coupling deficiency.",""
"SA-082","CODER_B","RQ3_static_match_protocol_v1","YES","979","Finding 8 directly identifies the problematic synchronous state update inside the effect that the repair fully reverted. The remaining findings concern style, syntax, imports, null/optional-chaining usage, JSX rules, or dependency linting rather than the incorrect timeline-width calculation behavior.",""
"SA-083","CODER_B","RQ3_static_match_protocol_v1","NO","130","The repair only applies Biome formatting changes such as line wrapping and array layout. The listed no-console and no-magic-numbers diagnostics concern separate lint rules and do not identify the formatting inconsistency addressed by the repair.",""
"SA-084","CODER_B","RQ3_static_match_protocol_v1","YES","790","The excessive JSX nesting findings reflect the overly coupled, poorly structured dialog layout that the repair reorganized into separate header, content, input, and footer sections. The component-scope, forbidden-prop, and literal-text diagnostics are unrelated lint issues.",""
"SA-085","CODER_B","RQ3_static_match_protocol_v1","YES","790","The excessive JSX nesting findings reflect the overly coupled, poorly structured dialog layout that the repair reorganized into separate header, content, input, and footer sections. The component-scope, forbidden-prop, and literal-text diagnostics are unrelated lint issues.",""
"SA-086","CODER_B","RQ3_static_match_protocol_v1","NO","823","None of the diagnostics identify the settings Dialog’s trigger focus recovery, Collapsible state reset, or nested Dialog lifecycle/state synchronization. The findings are formatting, JSX configuration, prop-style, optional-chaining, or nesting-depth issues unrelated to the repaired modal behavior.",""
"SA-087","CODER_B","RQ3_static_match_protocol_v1","YES","946","These findings identify the scattered named-export declarations and recommend consolidating exports into a single declaration, which is exactly what the repair implements by removing inline export modifiers and adding one export statement at the end.",""
"SA-088","CODER_B","RQ3_static_match_protocol_v1","NO","728","None of the findings identify the repaired coupling or duplicated severity-prefix formatting. The import-order, one-var, and no-ternary diagnostics are unrelated style issues.",""
"SA-089","CODER_B","RQ3_static_match_protocol_v1","NO","850","None of the diagnostics identifies the repaired test-fragility defect. They report stylistic or generic complexity/async-loop rules, whereas the repair removed the unreliable test because its concurrency and timing assumptions did not validly reproduce or verify the target issue.",""
"SA-090","CODER_B","RQ3_static_match_protocol_v1","NO","78","All listed diagnostics concern local style, naming, assertion, async, sorting, null, or magic-number issues. None identifies the architectural dependency-layer violation or the resulting app-store/lib circular dependency addressed by the repair.",""
"SA-091","CODER_B","RQ3_static_match_protocol_v1","NO","978","The repair only standardized Prettier formatting, primarily changing single quotes to double quotes. The findings concern relative import paths and import ordering, which are unrelated to the repaired formatting deficiency.",""
"SA-092","CODER_B","RQ3_static_match_protocol_v1","YES","422","The excessive statement and line counts reflect the overcomplicated ERD-link function that coupled repository mappings, batch schema queries, and multi-project aggregation. The repair removes that coupling and substantially simplifies the function. The remaining findings concern unrelated style, async, logging, naming, or magic-number rules.",""
"SA-093","CODER_B","RQ3_static_match_protocol_v1","NO","971","The repair changes formatting but leaves the reported import declaration order unchanged.",""
"SA-094","CODER_B","RQ3_static_match_protocol_v1","YES","112","The repair removes the unused shared fixture and its associated oversized test setup, addressing the unused-variable and excessive-function-length findings. It also reformats the import, addressing the import-order/formatting issue, and deleting the fixture eliminates its key-order formatting inconsistencies. The one-var, initialization, relative-import, and type-import findings do not identify the repaired deficiencies.",""
"SA-095","CODER_B","RQ3_static_match_protocol_v1","NO","837","The repair addresses repository formatting conventions such as quote style, trailing commas, and line wrapping/call layout. None of the supplied diagnostics identifies those formatting deficiencies; the listed findings concern imports, magic numbers, naming, dependency count, type imports, or object-key ordering.",""
"SA-096","CODER_B","RQ3_static_match_protocol_v1","NO","973","None of the diagnostics identify the removed CSS Modules capability or its contract violation. They all report formatting, style, complexity, module syntax, or maintainability issues in the deleted implementation.",""
"SA-097","CODER_B","RQ3_static_match_protocol_v1","NO","890","None of the diagnostics identifies the excessive coupling in close() to the transaction controller's internal statement fields. All listed findings concern formatting, style, accessibility, control flow, or literal usage, rather than the manual cleanup design replaced by database-owned statement finalization.",""
"SA-098","CODER_B","RQ3_static_match_protocol_v1","YES","658","The jsx-max-depth findings flag the deeply nested, inline stepper markup that the repair extracted into a dedicated Stepper component, directly addressing the cohesion and extensibility deficit. The import, component-style, literal-text, React-scope, and arrow-body findings are unrelated style or configuration issues.",""
"SA-099","CODER_B","RQ3_static_match_protocol_v1","NO","978","The repair only standardizes Prettier formatting, specifically changing import quotes from single to double. The findings concern relative-import policy and import ordering, which are unrelated defects.",""
"SA-100","CODER_B","RQ3_static_match_protocol_v1","NO","971","The repair changes formatting but leaves the reported import declaration order unchanged.",""
"SA-101","CODER_B","RQ3_static_match_protocol_v1","YES","168","The no-named-export findings identify the unnecessary public named exports that the repair removes from the internally used types and enum. The group-exports findings concern export declaration organization, not the abstraction leak or unnecessary API exposure.",""
"SA-102","CODER_B","RQ3_static_match_protocol_v1","YES","439","The no-console finding targets the unnecessary error logging that was part of the overly broad error-handling block removed by the repair. The finally-clause diagnostic concerns syntax/compiler support for finally, not the swallowed-error defect itself.",""
"SA-103","CODER_B","RQ3_static_match_protocol_v1","YES","810","The sort-keys and sort-imports findings identify ordering inconsistencies directly addressed by the repair's object-property and import reformatting. The other findings concern escaping, forbidden props, JSX nesting, or self-closing elements and are not addressed by the formatting-only repair.",""
"SA-104","CODER_B","RQ3_static_match_protocol_v1","YES","995","The excessive-statement and excessive-function-length findings identify the monolithic codemod implementation in studio-server. The repair removes that large implementation and replaces it with a small adapter delegating to the shared studio-codemods package, directly addressing the cohesion and reuse deficiency. The remaining findings concern unrelated style, import, naming, or syntax preferences.",""
"SA-105","CODER_B","RQ3_static_match_protocol_v1","NO","160","None of the findings identify the missing validation that prevents combining fullPage=true with a specified viewport. They concern key ordering, inline comments, nesting depth, or magic-number style issues.",""
"SA-106","CODER_B","RQ3_static_match_protocol_v1","YES","810","The sort-keys and sort-imports findings identify ordering inconsistencies directly addressed by the repair's object-property and import reformatting. The other findings concern escaping, forbidden props, JSX nesting, or self-closing elements and are not addressed by the formatting-only repair.",""
"SA-107","CODER_B","RQ3_static_match_protocol_v1","YES","112","The repair removes the unused shared fixture and its associated oversized test setup, addressing the unused-variable and excessive-function-length findings. It also reformats the import, addressing the import-order/formatting issue, and deleting the fixture eliminates its key-order formatting inconsistencies. The one-var, initialization, relative-import, and type-import findings do not identify the repaired deficiencies.",""
"SA-108","CODER_B","RQ3_static_match_protocol_v1","YES","546","The excessive JSX-depth findings are caused by the unnecessary button wrapper around the Avatar within the dropdown trigger; removing that wrapper fixes the same structural nesting issue. The ternary and React-in-scope findings are unrelated.",""
"SA-109","CODER_B","RQ3_static_match_protocol_v1","NO","431","The no-multi-comp finding identifies the co-location of DiffDisplay with KnowledgeSuggestionDetailPage, which is the cohesion and decoupling deficiency addressed by extracting DiffDisplay into its own reusable component. The other findings concern stylistic or implementation details not responsible for the repaired design issue.",""
"SA-110","CODER_B","RQ3_static_match_protocol_v1","YES","784","These findings identify import ordering, named-member ordering, import declaration ordering, or type-only import organization—the same import-organization deficiencies addressed by the Biome repair. The relative-parent-import and unused-icon findings were not fixed by the repair.",""
"SA-111","CODER_B","RQ3_static_match_protocol_v1","NO","824","The JSX-depth rule identifies a presentation-structure/style issue, not the hardcoded custom-domain placeholder that motivated replacing DomainTab. Whole-file deletion removes the warning incidentally, so this finding does not match the CTD.",""
"SA-112","CODER_B","RQ3_static_match_protocol_v1","YES","425","Finding 2 flags the catch block’s unnecessary re-wrapping of an error without preserving its cause, directly reflecting the redundant and inconsistent error-handling pattern removed by the repair. The other findings concern console/style, ternary, variable declaration, or object-key ordering issues.",""
"SA-113","CODER_B","RQ3_static_match_protocol_v1","NO","971","None of the diagnostics identify the formatting inconsistency repaired here. The JSX literal and nesting findings are unrelated React lint issues, and the relative-import finding does not address the quote, spacing, indentation, or formatting changes made by the repair.",""
"SA-114","CODER_B","RQ3_static_match_protocol_v1","NO","803","None of the diagnostics identifies the incorrect Dialog composition or missing DialogTrigger/DialogContent contract. The listed findings concern JSX scope, formatting/style, nesting, literals, fragments, or unrelated props.",""
"SA-115","CODER_B","RQ3_static_match_protocol_v1","NO","832","None of the diagnostics identify the binary-file handling omission. They concern style, accessibility, async usage, variable declarations, or identifier length; the repair instead adds binary file detection, binary reads, base64 encoding, and binary state tracking.",""
"SA-116","CODER_B","RQ3_static_match_protocol_v1","YES","946","These findings identify the scattered named-export declarations and recommend consolidating exports into a single declaration, which is exactly what the repair implements by removing inline export modifiers and adding one export statement at the end.",""
"SA-117","CODER_B","RQ3_static_match_protocol_v1","NO","824","None of the diagnostics identifies the repaired deficiency: the hardcoded placeholder domain implementation and its unsuitable coupling to SettingsModal. The findings concern JSX scope, literal text, nesting depth, import ordering, or forbidden className props, which are unrelated lint/style issues.",""
"SA-118","CODER_B","RQ3_static_match_protocol_v1","YES","603","The jsx-max-depth findings identify excessive JSX nesting in the affected subtree. The repair removes the unnecessary cardContent wrapper, directly reducing that nesting; the other findings concern unrelated React scope, literals, undefined usage, or props.",""
"SA-119","CODER_B","RQ3_static_match_protocol_v1","NO","247","None of the findings identifies the repaired Prettier formatting inconsistency. They concern lint rules such as unused variables, naming, import sorting, declaration grouping, magic numbers, optional chaining, comments, or other code-style preferences rather than the formatting changes addressed by the repair.",""
"SA-120","CODER_B","RQ3_static_match_protocol_v1","YES","810","The sort-keys and sort-imports findings identify ordering inconsistencies directly addressed by the repair's object-property and import reformatting. The other findings concern escaping, forbidden props, JSX nesting, or self-closing elements and are not addressed by the formatting-only repair.",""
"SA-121","CODER_B","RQ3_static_match_protocol_v1","NO","782","None of the findings identifies the excessive coupling of the severity query to the feature flag and conditional promise structure. The listed diagnostics are unrelated parameter-property, import/order, object-key, naming, variable-declaration, or ternary-style issues.",""
"SA-122","CODER_B","RQ3_static_match_protocol_v1","YES","112","The repair removes the unused shared fixture and its associated oversized test setup, addressing the unused-variable and excessive-function-length findings. It also reformats the import, addressing the import-order/formatting issue, and deleting the fixture eliminates its key-order formatting inconsistencies. The one-var, initialization, relative-import, and type-import findings do not identify the repaired deficiencies.",""
"SA-123","CODER_B","RQ3_static_match_protocol_v1","NO","70","The repair reorganizes and reuses fallbackAction computation before persistence and queue submission. The listed diagnostics concern import ordering, optional chaining, statement/style rules, null literals, ternaries, magic numbers, or missing return types; none identifies that cohesion or lifecycle-placement deficiency.",""
"SA-124","CODER_B","RQ3_static_match_protocol_v1","YES","851","The max-statements finding identifies an overly large function in the Stripe setup script, reflecting the concentration of multiple responsibilities that the repair modularizes into separate cleanup, product/price creation, and customer-subscription modules. The console, declaration-style, return-type, async, and key-order findings are unrelated style or API issues.",""
"SA-125","CODER_B","RQ3_static_match_protocol_v1","YES","971","Finding 3 identifies an import-ordering/style inconsistency addressed by the repair’s import sorting and formatting pass. The JSX nesting, literal-child, relative-import, and filename-extension diagnostics describe unrelated issues not fixed by the repair.",""
"SA-126","CODER_B","RQ3_static_match_protocol_v1","NO","824","The hook destructuring rule identifies a state declaration style issue, not the hardcoded isPro placeholder that motivated replacing DomainTab. Whole-file deletion removes the warning incidentally, so this finding does not match the CTD.",""
"SA-127","CODER_B","RQ3_static_match_protocol_v1","NO","78","All listed diagnostics concern local style, naming, assertion, async, sorting, null, or magic-number issues. None identifies the architectural dependency-layer violation or the resulting app-store/lib circular dependency addressed by the repair.",""
"SA-128","CODER_B","RQ3_static_match_protocol_v1","NO","973","None of the diagnostics identify the missing CSS Modules support or the resulting capability regression. They are unrelated style, syntax-preference, or numeric-literal lint findings on existing utility code.",""
"SA-129","CODER_B","RQ3_static_match_protocol_v1","YES","168","The no-named-export findings identify the unnecessary public named exports that the repair removes from the internally used types and enum. The group-exports findings concern export declaration organization, not the abstraction leak or unnecessary API exposure.",""
"SA-130","CODER_B","RQ3_static_match_protocol_v1","NO","247","The repair addresses repository formatting conventions such as indentation, line wrapping, commas, and arrow-function parentheses. All listed findings concern separate lint rules for object ordering, optional chaining, undefined values, variable declarations, ternaries, magic numbers, conditions, or function signatures, so none identify the formatting deficiency.",""
"SA-131","CODER_B","RQ3_static_match_protocol_v1","NO","971","None of the diagnostics identify the formatting inconsistency repaired here. The JSX literal and nesting findings are unrelated React lint issues, and the relative-import finding does not address the quote, spacing, indentation, or formatting changes made by the repair.",""
"SA-132","CODER_B","RQ3_static_match_protocol_v1","NO","876","None of the diagnostics identify the repaired test fragility. The capitalization, async/await, and import-order findings are unrelated style or policy issues; they do not address the test's dependence on uncontrolled /tmp contents and permissions.",""
"SA-133","CODER_B","RQ3_static_match_protocol_v1","NO","840","None of the diagnostics identifies the cohesion problem of mixing React Query hook code with query construction, query-key, prefetch, and request-adapter logic in one file. The findings concern style, imports, function shape, parameter count, ordering, or language restrictions, none of which is the deficiency addressed by extracting the core logic.",""
"SA-134","CODER_B","RQ3_static_match_protocol_v1","NO","247","The repair uniformly applies Prettier formatting (indentation, line wrapping, import layout, and arrow-function parentheses). The listed diagnostics concern separate lint policies such as variable grouping, key ordering, optional chaining, ternaries, negated conditions, magic numbers, and null/undefined usage, none of which identify the formatting inconsistency addressed by the repair.",""
"SA-135","CODER_B","RQ3_static_match_protocol_v1","YES","940","Finding 1 identifies the non-null assertion on proc.exitCode, which incorrectly assumed emulated processes always return an exit code instead of a signal. Finding 9 identifies the hardcoded exit code 132 check, which failed to reliably detect SIGILL and other emulated-run failures. The remaining findings are unrelated style, lint, or console issues.",""
"SA-136","CODER_B","RQ3_static_match_protocol_v1","YES","790","The excessive JSX nesting findings reflect the overly coupled, poorly structured dialog layout that the repair reorganized into separate header, content, input, and footer sections. The component-scope, forbidden-prop, and literal-text diagnostics are unrelated lint issues.",""
"SA-137","CODER_B","RQ3_static_match_protocol_v1","NO","247","None of the findings identifies the repaired Prettier formatting inconsistency. They concern lint preferences such as numeric separators, declaration combining, identifier length, magic numbers, key ordering, optional chaining, undefined/null usage, or await-expression style, rather than the indentation, wrapping, punctuation, or arrow-function formatting corrected by the repair.",""
"SA-138","CODER_B","RQ3_static_match_protocol_v1","YES","824","The excessive function length and deeply nested JSX indicate the monolithic, tightly coupled structure that required replacing the hardcoded DomainTab implementation. Import/export, React-in-scope, component-definition, and forbidden-prop findings are unrelated style or convention issues.",""
"SA-139","CODER_B","RQ3_static_match_protocol_v1","YES","475","The jsx-max-depth findings identify the deeply nested, monolithic form JSX embedded in SessionsNewPage, which the repair extracts into the reusable SessionForm component. The other findings concern imports, naming, declaration style, prop usage, or missing return types and do not identify the cohesion deficit.",""
"SA-140","CODER_B","RQ3_static_match_protocol_v1","YES","438","Finding 21 directly identifies the unused DiffDisplay import that the repair removes. The other findings concern unrelated style, JSX, import-order, or different unused-import issues.",""
"SA-141","CODER_B","RQ3_static_match_protocol_v1","NO","583","Neither import-sorting diagnostic identifies the excessive coupling to Trigger.dev execution semantics or the ResultAsync-based workflow boundary that the repair addressed.",""
"SA-142","CODER_B","RQ3_static_match_protocol_v1","NO","335","All findings concern export style, comment formatting, or variable declaration style. None identifies the underlying WCAG contrast defect or the use of fixed text colors that failed to guarantee sufficient contrast.",""
"SA-143","CODER_B","RQ3_static_match_protocol_v1","NO","843","The React-in-JSX findings concern JSX runtime/import configuration, and the id-length finding concerns identifier naming. None identifies the static, non-extensible pricing data model or missing structured token-tier selection state addressed by the repair.",""
"SA-144","CODER_B","RQ3_static_match_protocol_v1","YES","946","These findings identify the scattered named-export declarations and recommend consolidating exports into a single declaration, which is exactly what the repair implements by removing inline export modifiers and adding one export statement at the end.",""
"SA-145","CODER_B","RQ3_static_match_protocol_v1","NO","482","None of the diagnostics identify the excessive organization-specific route coupling addressed by migrating from /organizations/[organizationId]/projects to /projects; all are unrelated style, import, type-annotation, async, or formatting issues.",""
"SA-146","CODER_B","RQ3_static_match_protocol_v1","NO","272","None of the diagnostics identifies the repaired architectural defect of excessive controller coupling and missing reusable query/pagination abstractions. They concern style, naming, comments, magic numbers, or isolated loop/control-flow patterns rather than the multi-backend aggregation design.",""
"SA-147","CODER_B","RQ3_static_match_protocol_v1","NO","17","None of the diagnostics identifies the repaired formatting inconsistency. The findings concern variable consolidation, syntax preferences, optional chaining, sorting, unused imports, or module style rather than the quote, trailing-comma, arrow-function, and line-wrapping conventions corrected by the repair.",""
"SA-148","CODER_B","RQ3_static_match_protocol_v1","YES","135","All four findings identify strict typing problems in the local POI response handling: LocalPOIsResponse is invalid as a type and therefore its .get usage is rejected. The repair replaces that response annotation with dict[str, Any] and explicitly types results, directly addressing these errors.",""
"SA-149","CODER_B","RQ3_static_match_protocol_v1","NO","502","None of the findings identify the session-scoped PGlite caching or delayed cleanup that caused the resource-lifecycle defect. They concern style, accessibility, magic numbers, syntax preferences, or async/return-type conventions.",""
"SA-150","CODER_B","RQ3_static_match_protocol_v1","NO","693","None of the findings identifies the repaired defect: the repair unified inconsistent SQL/pgTAP validation error contracts and composition using ResultAsync. The reported import ordering, variable initialization, and if/else style issues are unrelated maintainability or formatting concerns.",""
"SA-151","CODER_B","RQ3_static_match_protocol_v1","YES","1016","Finding 4 identifies the redundant callback-only type imports that the repair removes along with the explicit callback parameter annotations. The other findings concern function size, async usage, or import ordering rather than the repaired idiom violation.",""
"SA-152","CODER_B","RQ3_static_match_protocol_v1","YES","34","Both findings directly identify the @ts-ignore directives that the repair replaced with @ts-expect-error to satisfy the lint rule and repository idiom.",""
"SA-153","CODER_B","RQ3_static_match_protocol_v1","NO","824","The JSX-depth rule identifies a presentation-structure/style issue, not the hardcoded custom-domain placeholder that motivated replacing DomainTab. Whole-file deletion removes the warning incidentally, so this finding does not match the CTD.",""
"SA-154","CODER_B","RQ3_static_match_protocol_v1","YES","439","The console diagnostic and the no-null diagnostic on the catch fallback identify the broad error-handling path that logged errors and converted failures to null, both removed by the repair. The other null literals are intentional validation or no-data fallbacks that remain unchanged.",""
"SA-155","CODER_B","RQ3_static_match_protocol_v1","NO","171","The repair only normalizes formatting such as quotes, indentation, line wrapping, trailing commas, and semicolons. All supplied diagnostics concern ordering, language constructs, null usage, nesting, ternaries, magic numbers, explicit any, or optional chaining, none of which identify the formatting inconsistency addressed.",""
"SA-156","CODER_B","RQ3_static_match_protocol_v1","NO","824","The JSX-depth rule identifies a presentation-structure/style issue, not the hardcoded custom-domain placeholder that motivated replacing DomainTab. Whole-file deletion removes the warning incidentally, so this finding does not match the CTD.",""
"SA-157","CODER_B","RQ3_static_match_protocol_v1","YES","944","These findings directly identify the over-broad `any` usages and the unsafe `@ts-ignore` directive that the repair replaced with precise types, `unknown`, and `@ts-expect-error`. The remaining findings concern unrelated export, variable declaration, return-type, or iteration style issues.",""
"SA-158","CODER_B","RQ3_static_match_protocol_v1","YES","658","The jsx-max-depth findings flag the deeply nested, inline stepper markup that the repair extracted into a dedicated Stepper component, directly addressing the cohesion and extensibility deficit. The import, component-style, literal-text, React-scope, and arrow-body findings are unrelated style or configuration issues.",""
"SA-159","CODER_B","RQ3_static_match_protocol_v1","NO","285","All listed diagnostics concern coding style or explicit type annotations (function expression syntax, return types, and combining const declarations). None identifies the missing null/undefined handling repaired in the component.",""
"SA-160","CODER_B","RQ3_static_match_protocol_v1","YES","814","The no-multi-comp findings identify the page's proliferation of locally defined section components, which was addressed by replacing the bespoke implementations with shared landing-page components and a unified layout. The other findings concern formatting, JSX literals, function style, return annotations, or nesting rules rather than the duplication/structural reuse deficiency.",""
"SA-161","CODER_B","RQ3_static_match_protocol_v1","NO","954","None of the findings identify the formatting inconsistencies repaired here. The repair adjusts whitespace, wrapping, and expression layout, but does not combine the const declarations or add braces to the if statements; those diagnostics therefore remain unrelated or unaddressed.",""
"SA-162","CODER_B","RQ3_static_match_protocol_v1","NO","78","None of the findings identify the dependency-layer violation or circular dependency addressed by the repair. They concern export style, type-versus-interface conventions, or method signature style.",""
"SA-163","CODER_B","RQ3_static_match_protocol_v1","NO","1024","The repair only changes quote style to conform to Prettier. The findings concern relative parent imports and import ordering, which were not addressed by the repair.",""
"SA-164","CODER_B","RQ3_static_match_protocol_v1","NO","1024","The repair only changes quote style to match Prettier formatting. The relative-parent-import and import-order diagnostics identify separate import-structure or sorting issues, which were not addressed by the repair.",""
"SA-165","CODER_B","RQ3_static_match_protocol_v1","YES","794","Findings 1, 2, and 3 identify import ordering/organization violations addressed by regrouping, reordering, and converting the parent-relative import. Finding 0 concerns an unused import rather than the repaired organization issue.",""
"SA-166","CODER_B","RQ3_static_match_protocol_v1","NO","953","None of the diagnostics identifies the repaired TypeScript type-compatibility defect. They report stylistic or lint issues such as variable declarations, undefined checks, ternary usage, optional chaining, object spread, key ordering, and magic numbers.",""
"SA-167","CODER_B","RQ3_static_match_protocol_v1","YES","930","The object-spread findings directly identify the repaired defect: spreading a custom requestHandler instance can strip its prototype and violate its handler contract. The ternary, declaration-combination, and nesting-style findings are unrelated style issues.",""
"SA-168","CODER_B","RQ3_static_match_protocol_v1","NO","973","All listed findings are formatting, style, syntax-preference, module-format, or import/export diagnostics. None identifies the underlying defect: removal of CSS Modules support and the resulting capability regression.",""
"SA-169","CODER_B","RQ3_static_match_protocol_v1","YES","784","These findings identify import ordering, named-member ordering, import declaration ordering, or type-only import organization—the same import-organization deficiencies addressed by the Biome repair. The relative-parent-import and unused-icon findings were not fixed by the repair.",""
"SA-170","CODER_B","RQ3_static_match_protocol_v1","NO","973","All listed diagnostics concern stylistic, module-system, naming, conditional-expression, magic-number, or file-length issues in the restored utility code. None identifies the deleted CSS Modules functionality or the resulting capability regression repaired by restoring the file.",""
"SA-171","CODER_B","RQ3_static_match_protocol_v1","NO","586","Both findings are standalone style diagnostics (variable declaration grouping and arrow-body formatting). They do not identify the redundant workflow-level error handling removed by the repair.",""
"SA-172","CODER_B","RQ3_static_match_protocol_v1","YES","221","The max-lines finding and the no-ternary findings identify the overly large generator and its heavily nested conditional template-string logic, which the repair refactors into separate snippets and integration lists. The one-var and explicit-return-type findings are unrelated style/type-annotation issues.",""
"SA-173","CODER_B","RQ3_static_match_protocol_v1","NO","77","All listed findings are style, naming, function-size, async, typing, key-order, or export-format diagnostics. None identifies the repaired DI inconsistency caused by the legacy dynamic-import wrapper and manually constructed dependencies.",""
"SA-174","CODER_B","RQ3_static_match_protocol_v1","YES","135","All four findings identify strict typing problems in the local POI response handling: LocalPOIsResponse is invalid as a type and therefore its .get usage is rejected. The repair replaces that response annotation with dict[str, Any] and explicitly types results, directly addressing these errors.",""
"SA-175","CODER_B","RQ3_static_match_protocol_v1","NO","69","The repair only corrected Biome formatting and layout (line wrapping, indentation, and import formatting). None of the listed diagnostics identifies that formatting inconsistency; they concern function style, naming, async usage, variable declarations, length, console usage, exports, return types, or import sorting not changed by the repair.",""
"SA-176","CODER_B","RQ3_static_match_protocol_v1","YES","944","These findings directly identify the over-broad `any` usages and the unsafe `@ts-ignore` directive that the repair replaced with precise types, `unknown`, and `@ts-expect-error`. The remaining findings concern unrelated export, variable declaration, return-type, or iteration style issues.",""
"SA-177","CODER_B","RQ3_static_match_protocol_v1","NO","617","Finding 1 flags a TODO explicitly describing the unnecessary separate testcases parameter and planned removal of the transformation layer, which is the duplication and redundant adaptation addressed by the repair. The other findings concern import, comment, variable, or key-order style only.",""
"SA-178","CODER_B","RQ3_static_match_protocol_v1","NO","824","The JSX-depth rule identifies a presentation-structure/style issue, not the hardcoded custom-domain placeholder that motivated replacing DomainTab. Whole-file deletion removes the warning incidentally, so this finding does not match the CTD.",""
"SA-179","CODER_B","RQ3_static_match_protocol_v1","YES","546","The excessive JSX-depth findings are caused by the unnecessary button wrapper around the Avatar within the dropdown trigger; removing that wrapper fixes the same structural nesting issue. The ternary and React-in-scope findings are unrelated.",""
"SA-180","CODER_B","RQ3_static_match_protocol_v1","NO","69","The repair only corrected Biome formatting and layout (line wrapping, indentation, and import formatting). None of the listed diagnostics identifies that formatting inconsistency; they concern function style, naming, async usage, variable declarations, length, console usage, exports, return types, or import sorting not changed by the repair.",""
"SA-181","CODER_B","RQ3_static_match_protocol_v1","NO","645","All listed findings are style or typing diagnostics (forEach usage, explicit any, destructuring, and variable declaration grouping). None identifies the Android loader's incorrect parsing, result construction, or XML round-trip logic repaired by the commit.",""
"SA-182","CODER_B","RQ3_static_match_protocol_v1","NO","78","None of the diagnostics identify the dependency-layer violation or the app-store/lib circular dependency addressed by the repair; they concern test style, async usage, assertions, variable declarations, numeric literals, or function complexity.",""
"SA-183","CODER_B","RQ3_static_match_protocol_v1","YES","970","The hook-use-state finding identifies the incorrectly handled timeline ID state that contributed to passing an invalid ID and duplicate timeline registration. The one-var finding is unrelated formatting/style guidance.",""
"SA-184","CODER_B","RQ3_static_match_protocol_v1","NO","980","All findings concern regex capture-group style, Unicode regex flags, parseInt usage, or magic numbers within the inline helper. None identifies the cohesion and reuse deficiency addressed by extracting hexToRgb into a separate module.",""
"SA-185","CODER_B","RQ3_static_match_protocol_v1","YES","971","Finding 13 identifies the import-ordering inconsistency directly addressed by the repair's sortImports operation. The JSX, filename, relative-import, and extension diagnostics describe unrelated issues.",""
"SA-186","CODER_B","RQ3_static_match_protocol_v1","NO","1024","The repair only normalized Prettier formatting, chiefly converting double quotes to single quotes. Import ordering, dependency count, relative-import structure, filename casing, duplicate imports, and ternary usage were not addressed by the repair.",""
"SA-187","CODER_B","RQ3_static_match_protocol_v1","YES","88","The magic number 3 is the hardcoded attendee limit in slice(0, 3), which directly caused the CSV export to truncate attendees. The other findings concern generic style issues, null usage, or fixed indexing rather than identifying the scalability defect.",""
"SA-188","CODER_B","RQ3_static_match_protocol_v1","NO","780","The finding concerns a one-var formatting/style rule, not the incorrect status aggregation logic fixed by allowing a single job with no previous jobs to complete.",""
"SA-189","CODER_B","RQ3_static_match_protocol_v1","NO","885","None of the diagnostics identifies the repaired inefficiency of synchronous, serial subprocess execution. The findings concern style, optional chaining, declarations, ternaries, hooks, or disallowing async; these are unrelated to the performance defect.",""
"SA-190","CODER_B","RQ3_static_match_protocol_v1","NO","163","The repair addressed repository-wide formatting consistency—indentation, line wrapping, trailing commas, and whitespace. All supplied findings concern test assertions, async usage, key/import ordering, type imports, filename naming, conditionals, non-null assertions, magic numbers, or code-structure style, none of which identifies that formatting defect.",""
"SA-191","CODER_B","RQ3_static_match_protocol_v1","YES","112","The repair removes the unused shared fixture and its associated oversized test setup, addressing the unused-variable and excessive-function-length findings. It also reformats the import, addressing the import-order/formatting issue, and deleting the fixture eliminates its key-order formatting inconsistencies. The one-var, initialization, relative-import, and type-import findings do not identify the repaired deficiencies.",""
"SA-192","CODER_B","RQ3_static_match_protocol_v1","NO","774","None of the diagnostics identify the deletion callback's timing/state-lifecycle fragility. They concern formatting, magic numbers, destructuring, optional chaining, component props, React scope, variable declarations, underscore naming, or explicit any.",""
"SA-193","CODER_B","RQ3_static_match_protocol_v1","NO","973","None of the diagnostics identify the missing CSS Modules support or the incorrect removal of the runtime module; they are all independent style, syntax-preference, or maintainability warnings within the deleted implementation.",""
"SA-194","CODER_B","RQ3_static_match_protocol_v1","YES","879","The import-sorting finding matches the repaired import-order formatting inconsistency. The JSX extension, object-key ordering, nesting, and self-closing diagnostics were not addressed by the repair.",""
"SA-195","CODER_B","RQ3_static_match_protocol_v1","YES","784","These findings identify import ordering, named-member ordering, import declaration ordering, or type-only import organization—the same import-organization deficiencies addressed by the Biome repair. The relative-parent-import and unused-icon findings were not fixed by the repair.",""
"SA-196","CODER_B","RQ3_static_match_protocol_v1","NO","616","None of the diagnostics identify the tool's overly narrow or misleading name; they concern import style, export style, object key ordering, function complexity, async usage, dependency structure, or variable declarations.",""
"SA-197","CODER_B","RQ3_static_match_protocol_v1","NO","247","The repair solely applies repository formatting conventions such as indentation, line wrapping, import formatting, and arrow-function parentheses. None of the diagnostics identifies that formatting deficiency; they concern ordering, style rules unrelated to the applied formatting, code structure, naming, or function complexity.",""
"SA-198","CODER_B","RQ3_static_match_protocol_v1","NO","521","None of the diagnostics identify the repaired defect: the repair addressed nonconforming camelCase naming of the file and DDL/DML-based exports, while the findings concern object spread, import paths, export style, function style, async usage, or missing await.",""
"SA-199","CODER_B","RQ3_static_match_protocol_v1","YES","196","The import-order diagnostics identify import arrangement/style inconsistencies addressed by the formatting repair. Other findings concern unrelated code structure, semantics, or lint preferences not fixed by the repair.",""
"SA-200","CODER_B","RQ3_static_match_protocol_v1","NO","163","The repair addressed repository-wide formatting inconsistencies such as indentation, line wrapping, trailing commas, and whitespace. None of the supplied findings identifies that formatting deficiency; they concern async usage, assertions, key ordering, magic numbers, complexity, declarations, conditionals, regex flags, or identifier length.",""
